,dim_0,dim_1,dim_2,dim_3,dim_4,dim_5,dim_6,dim_7,dim_8,dim_9,dim_10,dim_11,dim_12,dim_13,dim_14,dim_15,dim_16,dim_17,dim_18,dim_19,dim_20,dim_21,dim_22,dim_23,dim_24,dim_25,dim_26,dim_27,dim_28,dim_29,dim_30,dim_31
VAG_0001,0.32394,-0.32212,0.44796,0.57007,-0.59617,0.51054,1.21546,0.87297,-1.0748,-1.32188,-0.9189,-0.19913,-2.20388,-0.35737,-0.70682,-0.79841,-0.34216,-0.22428,0.04558,0.48024,-0.54917,1.31593,-0.39698,0.189,0.94154,0.13529,-0.08217,-1.0598,-0.58876,0.20492,-0.97756,-0.78685
VAG_0002,0.08713,-0.37866,0.84116,0.36943,-0.39888,0.57974,1.0812,0.72917,-0.85796,-1.09029,-0.38795,0.26745,-2.28322,-0.14794,-1.03971,-0.90615,-0.63398,-0.21765,0.80368,1.19911,-0.13658,1.24225,-0.62964,-0.33198,1.08238,0.21565,-0.9567,-0.83753,-0.44223,-0.03751,-0.66702,-0.16558
VAG_0003,0.11443,-0.30014,0.82732,0.32771,-0.45702,-0.36519,1.2903,0.92856,-0.73041,-1.10967,-0.56091,-0.01926,-2.69063,-0.04971,-1.30849,-0.69197,-0.25423,-0.10367,0.45927,0.81839,-0.34071,1.04164,-0.80391,0.79603,0.87953,0.0862,-0.72643,-0.77757,-0.16008,0.16795,-0.80815,0.56685
VAG_0004,0.10754,-0.12354,0.6895,-0.05929,0.25059,0.28607,1.36031,0.89172,-0.57032,-1.13267,-0.54584,0.395,-2.36003,0.03368,-1.61398,-0.47747,-0.40917,-0.172,0.44674,0.96091,-0.71464,1.22482,-0.72802,0.15946,1.00749,0.0013,-0.60889,-1.06962,-0.34279,0.24166,-1.04957,-0.48939
VAG_0005,-0.18181,0.20246,0.42901,-0.11767,-0.49528,0.00343,1.13798,0.49696,-1.17851,-1.26851,-0.67591,0.35485,-1.87394,-0.15046,-1.14298,-1.02935,-0.65793,-0.29168,0.65724,1.19519,-0.17076,1.3197,-0.87,-0.00129,0.67673,0.07756,-0.68812,-0.97659,-0.38549,0.6722,-0.9557,-0.28583
VAG_0006,0.62248,-0.65209,1.49813,1.56539,0.58959,-1.76769,0.17212,0.65415,1.06142,-0.39855,1.84342,-1.60549,-0.79658,0.82019,0.46367,1.85369,-0.15053,-0.59333,-0.38075,-1.15647,-1.20741,0.5511,0.53828,1.49636,-0.38304,1.75293,-0.30148,1.55505,-0.59781,-0.81784,-0.10263,1.06111
VAG_0007,-0.17384,0.14681,1.71039,1.41178,0.56128,-2.4028,-0.342,0.75736,0.62941,-0.06272,1.96628,-1.60986,-0.58299,0.75484,-0.20984,1.99455,-0.17408,-0.52754,-0.07653,-0.92527,-1.45697,0.51641,0.62169,1.41911,-0.54463,1.90182,-0.30944,1.55893,-0.16875,-0.93769,0.15659,0.80082
VAG_0008,0.28961,-0.53414,1.84287,1.19203,0.48392,-2.33692,-0.15948,0.55069,1.20397,-0.31003,2.10084,-1.15121,-0.58201,0.99747,0.24444,2.0615,0.33447,-0.65045,-0.41084,-0.9217,-1.44741,1.15028,0.04811,0.74491,-0.9658,1.80485,-0.56734,1.85159,-0.35268,-0.80353,-0.11276,1.44759
VAG_0009,0.64408,-0.44857,1.44683,1.15705,1.01415,-1.84099,-0.04659,0.8119,1.1669,-0.74172,1.86231,-1.08634,-0.84117,1.04318,-0.2268,1.90595,0.35425,-0.86436,-0.17747,-1.0426,-1.35828,0.51491,0.72511,1.54517,-0.62992,1.5411,-0.25692,2.11499,-0.66291,-0.74607,0.63323,0.85582
VAG_0010,0.43121,-0.19775,1.43785,1.28528,0.84723,-2.21537,0.04019,0.57745,1.0736,-0.50219,1.75854,-1.54439,-0.7079,0.6739,0.16052,2.12262,0.08141,-0.60901,-0.52321,-1.42616,-1.21702,1.20514,0.30442,1.30943,-0.51269,1.71029,0.33403,1.75431,-0.52977,-0.05425,0.15693,0.90072
VAG_0011,0.4613,-0.4535,1.86504,1.27754,0.87916,-2.32803,-0.05239,0.88315,1.05253,-0.59855,1.83817,-1.45755,-0.6491,1.27964,0.42788,2.14805,0.16528,-0.61428,-0.54118,-0.90058,-1.06656,0.9035,0.69399,1.43745,-0.79902,2.1106,-0.37268,1.98562,-0.80579,-0.88995,0.39426,1.31211
VAG_0012,0.23482,-0.40586,1.52381,1.37318,0.49115,-2.36516,-0.06264,0.84178,1.02584,-0.96632,1.35471,-1.73795,-0.45728,0.67682,-0.06998,1.86705,0.65112,-0.64573,-0.76872,-1.33187,-1.41501,0.49327,0.83622,1.58229,-0.87957,1.57194,-0.58653,1.87891,-0.2277,-0.74864,-0.0891,0.92079
VAG_0013,0.47289,-0.03194,1.61389,1.5848,0.99622,-2.63264,0.25921,1.1318,0.49695,-0.23869,1.46007,-1.4892,-0.914,0.4871,-0.10726,2.15243,0.51924,-0.89086,0.18251,-0.90877,-1.14281,0.44622,0.38513,0.99406,-0.87719,1.43155,-0.84835,1.71514,-0.43965,-0.79369,0.24779,1.05791
VAG_0014,0.47007,-0.23571,1.54316,1.01811,0.70416,-1.93839,0.44649,0.67618,1.24371,-0.80166,1.73223,-1.41548,-0.4597,1.20542,-0.02234,1.99147,0.75658,-0.76773,-0.71952,-1.09564,-1.35243,0.73774,0.69022,1.24657,-0.65774,1.83375,-0.40213,1.27067,-0.69873,-0.31461,0.77092,1.15891
VAG_0015,0.19391,-0.08795,1.46632,1.1259,0.43464,-2.31178,-0.06167,0.91253,0.53927,-0.93623,1.06227,-1.40655,-0.80212,1.00788,0.01031,2.17044,0.1336,-0.85876,-0.46149,-0.94877,-1.03731,0.07135,0.34439,1.42979,-0.58682,1.70335,-0.35401,1.73525,-0.52028,-0.8858,0.31312,1.37099
VAG_0016,0.41289,-0.78514,1.59928,1.459,0.2709,-2.47892,0.3723,0.58018,1.16807,-0.36772,1.76701,-0.9834,-0.77989,0.80799,-0.24343,1.96375,0.13213,-0.6614,-0.29163,-1.18798,-1.05103,0.51446,0.16969,1.55206,-0.55732,1.33699,-0.61005,1.93687,-0.41622,-0.93256,-0.10416,1.03011
VAG_0017,0.28435,-0.33942,1.2239,0.86842,0.73649,-2.29013,0.42937,0.67765,0.61137,-0.90283,1.97281,-1.58413,-0.68884,0.86446,0.30383,1.85333,0.13282,-1.01213,-0.3863,-0.93326,-1.31667,0.57268,0.4939,1.44215,-0.90807,1.36738,-0.82535,1.33467,-0.83314,-0.57359,-0.08787,0.91784
VAG_0018,0.40206,-0.23127,1.5537,1.18814,0.32294,-2.83801,-0.19843,0.77376,0.51962,-0.7599,1.74579,-1.32911,-0.68495,1.02675,-0.28205,2.35582,0.47968,-0.37722,-0.32449,-1.01353,-1.75447,0.40929,0.12466,1.29313,-0.97183,1.56426,-0.04449,1.52093,-0.27917,-0.83444,0.61697,0.91544
VAG_0019,0.46395,-0.11416,1.93185,0.98198,0.61295,-2.36217,0.26432,0.8292,0.79434,-0.56642,1.71499,-1.71563,-0.60584,0.63654,0.34803,2.23212,0.20189,-0.64781,-0.12549,-0.97449,-1.52402,0.53911,0.62494,1.17882,-0.69973,1.62604,-0.13559,1.83931,-0.59551,-0.57833,0.02179,1.20896
VAG_0020,0.14702,-0.51321,1.68124,1.26272,0.89536,-2.61175,-0.10237,0.51582,1.08105,-1.15645,1.73352,-0.98069,-0.6921,0.89974,0.07318,1.95637,0.30556,-0.968,-0.53321,-1.04391,-1.35328,0.26468,1.04188,1.50545,-0.82547,1.85841,-0.43242,1.90245,-0.62468,-0.93855,-0.19778,1.21343
VAG_0021,0.19329,-0.597,2.05771,1.30996,0.49655,-2.05258,0.01693,0.5778,0.68937,-0.22688,2.06017,-1.05752,-0.88375,0.94109,0.09573,1.67765,0.49437,-0.33254,-0.36493,-1.0111,-1.57811,0.18552,0.8296,1.52001,-0.84531,1.53336,-0.12556,1.4507,-0.66081,-1.07829,0.45364,0.90201
VAG_0022,-0.23904,-0.92317,1.70023,1.37137,0.94012,-1.72891,0.2628,0.51675,1.05303,-0.46184,2.19243,-1.13623,-0.58761,0.90546,0.07804,2.17833,0.1921,-0.50434,-0.30479,-0.91264,-1.11559,0.56823,0.43136,1.36654,-0.50136,1.69602,0.09437,1.77264,-0.02831,-0.48609,0.13157,0.65826
VAG_0023,0.06312,-0.73091,1.81685,0.91656,0.92491,-2.13091,-0.03003,0.44949,1.13895,-0.71217,2.45442,-0.97459,-0.85139,0.61212,-0.14422,2.25587,0.39367,-0.57487,-0.19977,-1.17662,-1.27571,0.94794,0.94826,0.86366,-1.11379,1.38694,-0.35571,1.58325,-0.06752,-0.3327,0.41109,1.24199
VAG_0024,0.44079,-0.23535,1.96678,1.70294,0.33117,-2.16022,-0.09916,0.68711,1.0132,-0.5755,1.57444,-1.12493,-0.41292,1.40994,0.05145,2.12828,-0.23591,-0.42359,-0.17659,-1.54447,-1.15733,0.90442,0.5048,1.14116,-0.86282,1.68148,-0.70753,1.96091,-0.06562,-0.53679,0.04556,1.47815
VAG_0025,0.7097,-0.16821,1.77639,1.38023,0.8297,-2.51373,-0.13104,1.01993,1.50647,-0.7672,1.98432,-1.05754,-0.83909,0.76985,0.11474,1.67011,-0.27683,-0.6417,-0.10843,-1.32763,-1.3389,-0.15614,0.28683,1.22108,-0.52778,1.20971,-0.13112,1.73737,-0.16683,-1.12001,0.21471,1.28486
VAG_0026,0.3584,-0.23663,1.4565,0.88607,0.37622,-2.16127,-0.13857,0.11863,1.22684,-0.82635,2.21777,-1.07625,-0.7499,0.67141,-0.23872,2.29482,0.27244,-0.72925,0.1987,-1.33102,-1.7367,0.87042,0.52677,1.59151,-0.79859,2.26686,-0.36041,1.62769,-0.21814,-0.49084,0.37936,0.7447
VAG_0027,0.50636,-0.4604,1.55465,1.08242,0.3463,-1.88459,-0.1749,0.74693,0.60192,-0.54954,2.0118,-1.42347,-0.75709,1.12188,0.04628,2.17256,-0.03507,-0.37801,-0.46484,-1.09409,-1.25673,0.54824,0.51115,1.44779,-1.16186,1.80908,-0.59345,1.6722,-0.16293,-0.62518,0.15412,0.94468
VAG_0028,0.16954,-0.44009,1.72215,1.15993,0.13593,-1.79644,0.27167,1.01728,1.11832,-0.76218,1.71497,-1.4386,-0.6264,1.03231,0.16312,2.17112,-0.08456,-0.55209,-0.41537,-0.91667,-1.92179,0.89026,0.39662,1.39193,-1.08012,1.91748,0.183,1.63106,-0.25527,-0.98189,0.3496,1.24665
VAG_0029,0.0987,-0.24,1.70629,1.54966,0.28364,-2.34037,0.10907,0.74438,1.51588,-0.43743,2.09136,-0.70927,-0.85772,0.905,-0.0224,2.30887,0.0863,-0.26179,-0.49,-1.2032,-1.40351,0.77429,0.92305,1.16999,-0.49963,1.76094,-0.19158,1.87205,-0.84089,-0.69554,-0.22231,1.26601
VAG_0030,0.01211,-0.04346,1.84966,0.84538,0.79039,-2.51871,-0.27421,0.87983,0.99433,-0.54543,2.32719,-1.38271,-0.46935,0.50419,-0.12531,2.13077,-0.28538,-0.57364,-0.40817,-1.25629,-1.54404,0.74921,0.69262,1.61586,-1.00037,2.16133,-0.0162,1.49778,-0.58781,-1.1522,0.44401,1.31944
VAG_0031,0.02592,-0.20368,1.54751,1.28914,0.94848,-2.63284,0.13056,0.19682,0.87787,-1.02467,1.86123,-1.63989,-0.9302,1.53872,0.30503,1.65548,-0.25142,-0.76192,-0.58114,-0.65008,-1.39525,0.97314,0.46101,1.22788,-0.70367,1.3971,-0.37321,1.62411,-0.67514,-0.92316,0.283,1.03985
VAG_0032,0.09477,-0.55351,1.23125,0.99076,0.39124,-2.41493,0.0062,0.71751,0.89443,-0.3357,1.87901,-1.09582,-0.36028,0.86974,-0.07542,1.99552,-0.07685,-0.4418,-0.46774,-1.40477,-1.57861,0.692,0.52445,1.51301,-0.56896,2.06302,-0.35135,1.80184,-0.60299,-0.61408,0.0426,1.29502
VAG_0033,0.1696,0.03571,1.51525,1.30414,0.35993,-2.42975,-0.28315,0.84535,0.7961,-0.74198,2.02045,-1.56887,-0.85654,0.86555,0.41422,2.02153,0.29153,-0.73074,-0.14922,-1.3314,-1.25064,0.76169,0.52843,1.51279,-0.71017,1.87336,-0.39015,1.79666,-0.36295,-0.49148,0.43699,0.88537
VAG_0034,0.2258,0.02735,1.5896,1.50049,0.4813,-2.86162,0.03109,0.46455,0.7024,-0.89228,1.76046,-0.80368,-1.43809,0.86041,0.60637,1.7501,0.41527,-1.10564,-0.39558,-1.23513,-1.21056,0.76528,1.11822,1.29157,-0.9298,1.76734,-0.28998,1.70984,-0.70101,-0.78758,0.29227,0.84807
VAG_0035,-0.00049,-0.18582,1.95518,1.80365,0.56503,-2.23026,-0.17364,0.91804,1.24298,-0.45582,1.91941,-1.26535,-0.06044,1.27848,0.13623,2.02742,0.55367,-0.70595,-0.1314,-0.84967,-1.49363,0.57611,0.12015,1.5741,-0.79316,1.69546,-0.22171,1.63064,-0.4112,-0.46216,0.66277,0.90651
VAG_0036,0.11555,-0.15982,-1.55765,-1.69479,0.53701,1.13012,-0.34295,-1.05558,0.72226,-1.64319,-0.65943,0.80197,-2.16385,0.08427,-0.57771,0.1089,-0.16411,-0.06704,0.89901,-0.916,1.60675,0.28353,1.00448,1.40515,0.69962,0.88566,-0.19329,-1.28098,-0.06476,-0.57891,-1.08383,0.02072
VAG_0037,-0.32022,-0.83771,-1.6713,-1.29661,0.98283,1.01251,0.08258,-0.86271,0.9893,-1.10908,-0.27599,0.30082,-2.23839,0.17003,-0.83353,0.29534,-0.32932,0.4023,0.70636,-0.59071,1.74859,1.09053,0.9621,1.33958,1.02514,0.97289,-0.20605,-1.44107,0.33047,-1.03624,-1.44875,0.16912
VAG_0038,0.04243,-0.88897,-1.27023,-1.33633,0.82274,1.11116,-0.33825,-1.12115,0.27169,-1.55607,-0.86311,0.59288,-2.69708,0.68791,-0.21498,0.69436,0.06115,0.28277,0.93274,-0.48513,1.08817,0.49303,0.5795,1.12804,1.07462,0.91991,0.51478,-1.58497,-0.39776,-0.87127,-1.44705,-0.19665
VAG_0039,0.47351,-0.67911,-1.31423,-1.63507,0.35937,0.88655,-0.54629,-1.39742,1.16305,-0.78823,-0.63988,0.67904,-2.62202,0.35373,-0.14669,0.00944,-0.26927,0.13386,0.46334,-1.16404,1.76587,0.3002,0.77041,1.18983,0.81477,1.03946,-0.18171,-1.54723,0.26026,-0.94703,-0.98112,0.19085
VAG_0040,0.20892,-0.65435,-1.24153,-1.47016,0.50766,1.01119,0.06609,-0.89425,0.79543,-0.91446,-1.02905,0.86362,-1.98104,0.91134,-0.62094,0.19726,-0.24186,0.59095,0.32215,-0.60928,1.41394,0.88568,1.12615,1.35015,0.9787,0.9997,-0.10831,-1.50747,-0.45444,-0.78933,-1.36841,0.36407
VAG_0041,0.05633,-1.29231,-1.38809,-1.28782,0.82782,1.26696,-0.06325,-0.61224,0.62294,-1.00312,-0.39058,0.47783,-2.31506,0.14434,-0.76514,-0.11947,-0.47658,0.23987,0.22295,-0.84082,1.46301,1.08169,0.84674,0.52323,1.08971,0.54514,-0.0931,-1.31554,-0.22731,-0.93127,-1.29151,0.2497
VAG_0042,0.17965,-0.56977,-1.79035,-1.39583,0.31406,1.66901,-0.27691,-1.09613,1.17825,-1.48189,-0.71945,0.86774,-2.1864,0.35425,-0.52496,-0.05092,-0.09928,0.56216,0.29947,-0.72969,1.33996,0.60273,0.96486,1.13805,0.63505,1.15144,0.12449,-1.59028,-0.19064,-0.85539,-1.501,0.47085
VAG_0043,0.53347,-0.71052,-0.73992,-0.94013,0.56815,1.2075,-0.3856,-0.84997,0.9673,-1.23417,-0.69052,0.74814,-2.29224,0.3503,-0.3359,-0.07851,-0.63517,0.63601,0.33463,-0.79359,1.07424,0.78422,0.81047,1.43476,1.05923,0.83017,-0.05087,-1.42631,-0.23849,-0.85844,-1.66654,0.37874
VAG_0044,0.10197,-0.80832,-1.45543,-1.16951,0.33232,1.13698,-0.34494,-1.04465,0.90238,-1.80011,-0.95897,0.47211,-1.8376,0.24282,-0.94346,-0.35645,0.13777,0.12369,0.85294,-0.4449,1.63043,0.52399,0.75317,1.42794,0.88397,1.03831,-0.12717,-1.71068,-0.25485,-0.60183,-1.33456,-0.01895
VAG_0045,0.19135,-0.61396,-1.30832,-1.42961,0.34959,1.35036,0.11957,-0.88787,0.90004,-1.03879,-0.67442,0.48942,-1.92662,0.42497,-0.62373,-0.20553,-0.14831,-0.21928,0.44158,-0.77193,1.19375,0.51822,0.54741,1.15922,0.71956,0.96363,0.47301,-1.49323,-0.21202,-0.79917,-1.27688,0.29281
VAG_0046,0.17547,-0.65254,-1.07748,-1.44621,0.31256,1.49939,-0.06609,-1.13934,0.89902,-1.51663,-0.52369,0.65109,-2.15126,0.20776,-0.08462,-0.42035,-0.18216,0.41511,0.95759,-0.74487,1.25889,0.8427,0.76194,0.76404,0.78219,0.73642,0.02424,-1.36384,-0.25047,-0.59868,-1.23154,0.30223
VAG_0047,0.63419,-0.75517,-1.33146,-1.54543,0.62042,0.86627,-0.15157,-1.13116,0.65276,-0.75598,-0.92972,0.7638,-1.93139,0.52352,-0.67503,0.40754,0.28303,0.11954,0.71454,-0.63174,1.86463,0.81263,0.79426,1.05435,0.83409,1.19989,0.13611,-1.32903,-0.34688,-0.66657,-1.95693,0.6237
VAG_0048,0.34053,-0.98317,-1.64389,-1.66837,0.26059,1.18204,-0.03787,-1.24443,1.16868,-0.91496,-0.84369,0.6496,-2.3058,0.53553,-0.62083,0.48566,0.21525,-0.00984,0.72347,-0.95105,1.46237,1.00225,1.29539,1.03033,0.80157,0.4717,0.18931,-1.2565,0.05467,-0.60122,-1.3125,0.10165
VAG_0049,-0.00023,-0.05253,-1.31025,-1.09255,0.54672,1.15818,-0.34854,-0.63141,1.08928,-1.05881,-0.26836,0.92021,-2.11682,0.30825,-0.59915,0.04915,-0.10404,0.19927,1.11571,-1.00126,1.53517,0.91625,0.83707,1.38501,0.6082,1.05659,0.2095,-1.48218,-0.33226,-1.12402,-1.35024,0.67988
VAG_0050,0.34934,-0.7031,-1.28589,-1.0564,0.50903,0.97442,-0.22774,-1.20298,0.48438,-1.19446,-0.58506,0.48801,-2.50371,0.638,-0.62943,0.27331,0.21078,0.59317,0.81455,-0.95497,1.5563,0.80101,0.62,1.35031,1.02195,0.78752,0.27564,-1.28249,-0.1353,-0.4618,-2.15193,0.07596
VAG_0051,-0.0795,-1.08765,-0.77473,0.57682,0.61229,1.37455,-0.48559,0.955,1.26233,1.03595,-2.55599,0.89349,0.28576,0.87155,0.31773,0.49215,0.69082,-0.4696,-1.8829,-0.32519,-1.14197,1.36021,-0.65457,-0.27054,-1.01699,-0.86513,-0.40478,-1.78458,0.4711,0.27569,-1.32849,-2.08462
VAG_0052,-0.83884,-0.78045,-1.13582,0.36488,0.38061,1.14089,0.19311,1.57616,1.2314,1.78552,-2.26126,2.00341,0.17348,0.30153,0.69262,0.57164,0.05159,-0.2459,-2.00541,0.07482,-0.94829,0.90685,-0.16547,-0.09254,-0.87958,-0.49085,0.24232,-1.69583,-0.19862,-0.29931,-1.06231,-2.51855
VAG_0053,-0.35694,-1.40356,-0.89746,0.60609,0.2267,1.61736,0.49598,1.48033,1.73955,1.35475,-1.75793,0.83089,0.53826,0.37607,0.50189,0.52085,0.20775,-0.36508,-1.48778,-0.13721,-0.62873,0.98243,-0.67626,0.3731,-0.77908,-0.51527,0.13718,-1.47193,0.28621,-0.26775,-0.99025,-2.28832
VAG_0054,-0.58187,-1.27416,-0.89621,0.38401,0.15243,1.52963,0.08137,1.04846,1.18719,1.12061,-2.31777,1.24689,0.24361,0.9303,0.16607,0.28775,0.39752,-0.16327,-1.72383,0.09752,-0.76834,0.51625,-0.47377,0.12969,-1.09266,-0.49598,0.53647,-1.56157,0.11999,-0.05489,-1.14743,-2.44131
VAG_0055,-0.60828,-0.76,-1.5842,-0.23581,0.70073,1.23294,0.06546,0.59498,1.40851,1.02667,-1.99916,1.54818,0.56824,0.26131,0.66633,0.11788,0.25854,-0.1501,-2.17221,0.12698,-0.49404,1.15784,-0.0691,0.3255,-0.40759,-0.42669,-0.00613,-1.47459,0.61304,-0.3369,-1.13792,-2.61238
VAG_0056,-0.52821,-0.93888,-1.3393,-0.00524,0.58996,1.9157,-0.24209,0.81817,1.80125,0.85861,-2.00685,1.38363,0.47522,0.6164,0.05107,1.17645,0.68974,-0.66615,-1.4885,0.13839,-0.9507,0.80868,-0.42167,-0.12922,-0.67479,-0.52061,-0.05822,-1.38191,0.47196,0.14705,-1.35769,-2.24395
VAG_0057,-0.30552,-0.5452,-1.17868,0.39082,0.58707,1.20637,0.0629,0.98722,1.29216,1.12209,-2.40815,1.21314,0.21981,0.44327,0.2732,0.45725,0.25066,-0.53643,-2.06934,0.57376,-0.87928,1.41164,-0.49267,0.03576,-0.90992,-0.44693,-0.21039,-1.46623,0.44839,0.20766,-1.38124,-2.36473
VAG_0058,-0.65383,-0.8476,-1.17599,0.56243,0.36307,1.0293,0.16855,1.20105,1.5591,1.26601,-2.70795,1.20131,0.7374,0.59357,0.43073,0.72273,0.47025,-0.43951,-1.87861,-0.34032,-0.53415,1.04834,-0.17125,0.5044,-0.98979,-0.21321,0.22823,-1.2047,0.51473,0.26268,-1.16988,-2.61413
VAG_0059,-0.88379,-0.80501,-1.56335,0.68497,0.54581,1.36014,0.42106,1.24585,1.89475,1.07657,-2.52801,1.3622,0.44348,0.46861,0.19702,0.51395,0.29588,-0.78831,-1.85367,-0.12735,-0.63283,0.66381,0.05427,0.1571,-0.70816,-0.42518,-0.18109,-1.62171,0.50426,-0.20263,-1.67574,-2.37803
VAG_0060,-0.37377,-0.83537,-1.32122,-0.00565,0.31726,1.64511,-0.58602,0.69461,1.6169,1.46357,-2.34237,1.73862,0.19565,0.56889,0.64323,0.1672,0.42519,-0.23092,-2.05839,-0.1191,-0.80888,0.8057,-0.32319,-0.20479,-1.21306,-0.79291,-0.23611,-1.45591,0.06258,-0.35675,-0.82711,-2.52123
VAG_0061,-0.56384,-1.05725,-0.60179,0.14811,-0.21423,1.09061,0.18129,1.17916,1.57319,0.90685,-2.51261,0.93633,0.42776,0.52231,0.74026,0.48198,0.44037,-0.39259,-2.47361,-0.11524,-0.71085,1.17,-0.11936,-0.04819,-0.47512,-0.51202,0.04771,-1.14804,0.32711,-0.30591,-1.29753,-2.60689
VAG_0062,-0.75371,-1.33541,-1.01136,0.49708,0.60306,1.2143,0.3774,0.72948,1.38207,1.27575,-2.32145,1.09097,0.59443,0.43775,0.6027,0.1127,0.51581,0.07823,-2.06568,0.05234,-0.71722,0.86341,-0.19955,-0.08639,-1.22093,-0.38238,0.11654,-1.82693,0.21592,-0.51868,-1.22616,-2.38808
VAG_0063,-0.90579,-1.40344,-1.26654,0.07231,0.21743,1.24075,-0.16223,1.24997,0.91384,1.02536,-2.89394,0.91367,0.5911,0.67414,0.38137,0.40201,0.04742,-0.38559,-1.83812,-0.22512,-0.62196,1.35344,-0.3967,0.29932,-0.80994,-0.8393,0.05904,-1.46193,0.82856,-0.20654,-1.37917,-2.45002
VAG_0064,-0.7809,-0.74748,-1.36096,0.26645,0.80673,1.90925,-0.36837,1.00281,1.64399,1.22013,-2.4298,1.04041,0.32203,0.29542,0.72631,0.37636,0.37756,-0.57778,-1.61606,-0.27439,-0.59507,0.89134,-0.42701,0.30742,-1.20465,-0.64616,0.14791,-1.38979,0.10718,-0.2109,-1.40432,-1.92563
VAG_0065,-0.56104,-1.13364,-1.13546,0.24691,0.76888,1.4743,0.29985,1.12336,1.52123,1.27788,-2.52979,1.51934,0.24131,0.6148,0.13551,0.03887,0.31279,-0.5797,-1.28415,-0.47834,-0.78881,1.02405,-0.83045,0.06055,-1.03213,-0.39184,-0.26118,-1.02886,0.35932,-0.37406,-1.46792,-2.28617
VAG_0066,-0.6455,-0.97519,-1.40643,0.25809,0.90183,1.76401,0.28711,0.97609,1.62625,1.23468,-2.68049,1.19943,-0.37608,0.54471,0.59008,0.76123,0.49448,-0.15964,-2.17849,0.15291,-0.6395,1.29337,-0.07082,-0.06681,-0.85048,-0.46838,-0.06136,-1.28937,0.47102,-0.27079,-0.9272,-2.43346
VAG_0067,-0.62828,-1.34356,-1.15475,0.23638,0.85233,1.59257,-0.09805,1.08802,1.65556,1.58888,-1.90209,1.39599,0.09041,0.66273,0.15951,0.78695,0.35013,-0.51236,-2.08846,0.01139,-0.7472,1.36572,-0.64433,0.17649,-0.5606,-0.80428,-0.0951,-1.51335,0.46847,-0.1598,-1.33993,-2.0766
VAG_0068,-0.39801,-0.8638,-1.00609,0.50374,0.71296,1.4938,0.14122,0.96715,1.50462,1.75465,-2.03802,1.30505,0.42502,0.40305,0.27865,0.39452,0.32399,-0.3082,-1.78636,0.13725,-0.88126,1.15722,-0.38146,-0.1395,-0.91016,-0.50724,0.14027,-1.71528,0.62745,-0.10906,-1.06625,-2.48692
VAG_0069,-0.54989,-1.1217,-0.97728,0.34096,0.83697,1.49647,-0.22373,0.95081,1.28649,1.66088,-2.69365,1.29428,-0.07426,-0.19154,0.48408,0.12615,0.04773,-0.40988,-1.9594,-0.18983,-0.84072,0.70605,-0.40317,0.11689,-0.75506,-0.88992,0.15473,-1.56188,-0.15332,-0.29591,-1.14704,-2.53302
VAG_0070,-0.40637,-1.0949,-1.28354,0.46726,0.14689,1.47991,-0.0456,1.23398,1.44278,1.26412,-2.11807,1.73591,0.34922,0.42938,0.27986,0.78858,0.42455,-0.32445,-2.3695,0.33358,-0.57883,0.96025,-0.03847,0.04599,-1.06656,-0.5687,0.29643,-1.58976,0.58219,0.17182,-1.12262,-2.54972
VAG_0071,0.41393,-0.4302,-0.22692,-0.6463,2.13215,0.20853,0.38118,-2.04599,1.90046,1.13703,1.20161,-0.60171,0.97814,0.2159,0.29202,-0.16882,-1.27563,0.9458,-2.06365,-0.30907,-0.398,-1.39612,0.57938,-0.61925,-0.19252,0.38401,-0.6082,1.38742,0.92313,-0.33871,-2.20452,-1.4658
VAG_0072,0.48898,-0.36369,-0.35842,-0.27815,1.9848,0.25167,0.40769,-1.4793,1.62933,1.00919,0.83952,0.60674,0.61105,0.40458,0.60964,-0.25838,-1.5049,0.82988,-1.67719,-0.08491,-0.13187,-0.94328,0.44807,-0.45491,-0.54495,0.46876,-0.55912,1.4663,0.23387,-0.49445,-1.76788,-1.00132
VAG_0073,0.81537,-0.87518,-0.46307,-0.17571,1.72566,-0.19053,0.3401,-1.76866,0.97138,0.80923,1.05014,-0.63615,0.81733,0.17868,0.59997,0.21358,-1.28756,0.66544,-2.65417,-0.64613,-0.47663,-1.03795,0.66154,-0.24853,-0.79041,0.52476,-0.1114,1.23918,0.64281,-0.58927,-2.20809,-1.34306
VAG_0074,0.40551,-0.18353,-0.56963,-0.3412,2.10305,-0.50459,0.03653,-1.46984,1.75468,0.77949,1.25758,0.08803,0.43364,0.11176,0.21554,0.0318,-1.60057,0.84752,-2.07295,-0.45778,-0.42683,-1.02548,0.26897,-0.18561,-0.39736,0.93429,-0.66982,1.85809,1.05053,-0.30477,-2.08981,-1.39224
VAG_0075,0.2796,-0.2986,-0.67437,-0.54658,1.63892,0.17925,0.29162,-1.40486,1.31005,0.47389,1.18568,0.45881,0.84264,0.56004,0.69921,-0.39929,-1.54099,0.73787,-1.99493,-0.05815,-0.30302,-0.94299,0.81649,-0.42557,-0.26725,0.25013,0.30771,1.5476,0.36851,-0.38269,-2.32941,-0.72669
VAG_0076,0.6998,-0.78909,-0.38414,-0.27663,1.97215,0.00571,0.50472,-1.09492,1.71114,0.89608,1.23491,0.18118,0.86752,0.34972,0.13061,-0.01249,-1.49894,0.6274,-2.16101,-0.71966,-0.62372,-0.97367,0.41309,-0.18477,-0.60231,0.41576,-0.39541,1.18808,0.58937,-0.61194,-1.68621,-1.30968
VAG_0077,0.78864,-0.13342,-1.19815,-0.73245,1.75154,0.12202,-0.38094,-1.97595,1.54182,0.63066,0.93211,0.07719,0.91867,0.39093,0.51137,-0.54151,-1.03348,1.05063,-2.36816,-0.3326,0.04492,-0.89386,0.46,-0.33815,-0.54823,0.43738,-0.34814,1.6456,0.36194,-1.00805,-1.57162,-1.25525
VAG_0078,0.21677,-0.33953,-0.3448,-0.38617,2.20831,-0.47421,0.02134,-1.35439,1.3382,0.50523,0.74089,0.20475,0.81921,0.35488,1.30093,-0.10286,-1.27246,0.87237,-2.09673,-0.00582,0.32169,-1.16907,0.17895,0.06319,-0.25217,0.6127,-0.83947,1.4791,0.18568,0.17555,-2.10585,-0.99411
VAG_0079,0.29241,0.08342,-0.89106,-0.35666,1.66047,0.13004,0.20855,-2.11954,1.86008,0.95575,0.36495,-0.38234,1.18988,0.71997,0.99969,-0.10348,-1.06321,0.87104,-1.9014,-0.62736,-0.42702,-0.93084,1.00116,-0.0559,-0.38267,0.29084,-0.54054,1.26204,0.7232,-0.85784,-2.06993,-1.23089
VAG_0080,0.47788,-0.43513,-0.74176,-0.27063,1.37952,0.02639,0.25174,-1.76482,1.47443,0.66598,0.90383,-0.40466,0.91621,0.30541,0.57567,-0.29164,-1.8156,0.99287,-1.85772,-0.41087,-0.07437,-1.3405,0.85605,-0.00228,-1.06691,0.43846,-0.24415,1.0484,0.40642,-0.35206,-1.93893,-1.20014
VAG_0081,0.47063,-0.38507,-0.47693,-0.34919,1.5446,0.12937,0.29245,-1.28489,1.65539,1.01897,1.27723,-0.0932,1.13183,0.58589,1.01926,-0.04903,-1.46757,0.64459,-2.30902,-0.18418,-0.44727,-1.45913,0.28628,0.05094,-0.69512,0.45154,-0.27937,1.46791,0.47061,-0.62497,-1.80452,-1.5482
VAG_0082,0.32483,0.11614,-0.63442,-0.13767,1.60569,-0.191,-0.11524,-1.51437,1.56222,1.02645,0.99047,-0.16447,0.71575,0.64577,0.15927,0.14004,-1.80355,1.30165,-2.47089,-0.11783,-0.19927,-0.88583,0.64812,-0.00802,-0.66572,0.8718,-0.83949,2.01663,0.16055,-0.47373,-2.16893,-1.33677
VAG_0083,0.5519,-0.21669,-0.24839,-0.2019,1.96059,0.01282,-0.09596,-1.1044,1.97684,1.15206,0.73001,0.05553,0.75294,0.39191,0.53017,-0.25091,-1.41716,1.11418,-1.79135,0.06481,0.49114,-1.08553,1.02306,-0.34467,-0.72965,0.51311,-0.29955,1.23197,0.08742,-0.32983,-1.88906,-1.60494
VAG_0084,0.56453,-0.20992,-0.44269,-0.1468,2.02255,0.12249,0.39985,-1.60994,1.5723,0.6151,0.92892,-0.05226,0.64903,0.50986,0.47983,0.26811,-1.37148,1.0078,-1.89101,-0.36615,0.14677,-0.66539,0.8496,-0.06344,-0.55867,0.19135,-0.59394,1.92463,0.15341,-0.53644,-1.84843,-0.97176
VAG_0085,0.93419,-0.19373,-0.72485,-0.5768,1.56988,0.12664,0.61219,-1.19125,1.56571,1.01858,0.4113,-0.21455,1.30732,0.75157,0.44182,-0.04549,-0.83914,1.10657,-1.8645,0.00078,-0.41284,-1.54216,0.14808,-0.16038,-0.7342,0.26269,-0.21298,1.30397,0.20745,-0.28495,-1.66844,-1.6736
VAG_0086,0.5629,-0.23558,-0.51968,-0.12842,1.59587,-0.31893,0.04245,-1.59006,1.47928,1.0487,1.01966,0.22014,1.08996,0.59794,0.68719,-0.20215,-1.78903,1.21616,-1.87377,-0.32416,-0.59634,-1.12633,0.61148,-0.32321,-0.33693,0.32322,-0.5561,1.28126,0.5533,-0.32255,-2.29413,-1.60452
VAG_0087,0.40193,-0.30474,-0.10909,-0.79442,1.64585,-0.17392,0.01684,-1.72467,1.44695,1.00197,0.9683,0.00655,1.05632,0.42222,0.8416,-0.16053,-2.0271,1.30851,-2.33445,-0.69544,0.03347,-1.19359,0.67544,0.01479,-0.1807,0.19536,-0.09874,1.48681,-0.02869,-0.5425,-2.41339,-1.39604
VAG_0088,0.24858,-0.52166,-0.37158,-0.15131,1.65445,0.08704,0.01874,-1.59542,1.76368,0.81297,1.26009,0.12808,1.21531,0.0904,0.26505,-0.11699,-1.93892,1.33771,-1.92029,-0.41361,-0.01725,-1.36491,0.76051,0.07388,-0.35849,0.54576,-0.29068,1.29919,0.25556,-0.20122,-1.70295,-1.21372
VAG_0089,0.65753,-0.81957,-0.68524,-0.0264,1.53984,-0.14886,0.39597,-1.59668,2.16736,0.76988,1.45214,-0.237,0.84515,0.35911,0.57752,-0.17094,-1.54043,0.84788,-2.09858,-0.41739,-0.20321,-1.16313,0.34276,-0.13045,-0.07036,0.66424,-0.77771,1.13754,0.32749,-0.38823,-1.67081,-1.05448
VAG_0090,0.71655,-0.29386,-0.58571,-0.32765,1.77512,-0.23479,-0.04488,-1.08549,1.87424,0.60034,1.12214,-0.04332,1.04413,0.0647,0.86278,-0.05118,-1.64215,1.02763,-1.81968,-0.52806,0.01175,-1.13348,0.48063,-0.53948,-0.09641,0.45289,-0.56824,1.46961,0.38159,-0.222,-2.29085,-1.24052
VAG_0091,0.40826,-0.28011,-0.797,-0.24581,1.98737,0.14353,0.2561,-0.98374,1.60744,1.25582,1.12422,-0.06108,1.32632,0.56103,0.84862,-0.34477,-1.75601,0.78287,-2.19138,-0.39787,-0.11945,-0.57495,1.01617,0.10191,-0.45835,0.50644,-0.40472,1.69785,-0.1584,-0.40108,-1.8442,-1.18563
VAG_0092,0.57217,0.04775,-0.83311,-0.32773,1.56023,0.34266,-0.11508,-1.35447,1.15048,0.86997,1.44921,0.36562,0.61749,0.81465,0.53196,-0.23203,-1.38765,0.49937,-1.92455,-0.17925,0.00285,-1.21629,0.48947,-0.56417,-0.42123,0.77548,-0.13432,1.56488,0.5498,-0.37745,-1.87662,-1.12238
VAG_0093,0.26391,0.25418,-0.26734,0.10146,1.89585,0.11279,-0.00846,-1.64576,1.43082,1.25397,1.31928,-0.01025,0.87247,0.56329,0.47691,-0.35522,-1.46603,1.39747,-1.8271,0.12395,-0.31564,-0.79981,0.64474,-0.14709,-0.52967,1.05607,-0.84711,1.39942,-0.00857,-0.58814,-1.68914,-1.41667
VAG_0094,0.74445,-0.16511,-0.20852,-0.40749,2.08785,0.04887,-0.0605,-1.57227,2.01876,1.11907,0.94484,-0.36453,0.98085,0.61851,0.37777,0.37682,-0.77557,1.16972,-2.17467,-0.3288,-0.5938,-1.10155,0.57146,-0.52211,-0.97843,0.38082,-0.62977,1.60019,0.26017,-0.34371,-2.35945,-1.27212
VAG_0095,0.52827,-0.44151,-0.40952,-0.16035,1.50088,-0.16447,0.04895,-1.48131,1.55922,0.87935,1.03592,-0.0615,0.97428,-0.1019,0.34506,-0.07993,-1.69696,0.68813,-1.88156,-0.15058,-0.20851,-1.28965,0.06763,-0.25834,-0.24461,0.56015,-0.43771,1.82163,0.1506,-0.55757,-1.96737,-1.35172
VAG_0096,0.92792,-0.36887,-0.86049,-0.26652,2.08856,-0.06478,0.00808,-1.38666,1.0412,0.89297,0.77472,-0.01747,0.63666,0.34801,0.30582,0.13086,-1.69997,1.3381,-1.80991,-0.74205,-0.45057,-0.58955,0.68464,-0.38538,-0.36376,0.33795,-0.88534,1.34351,0.93179,-0.62619,-2.09791,-1.73357
VAG_0097,0.45453,-0.42383,-0.35419,-0.38885,2.12024,-0.13613,-0.01824,-1.59906,1.57278,0.71446,0.58918,-0.40101,1.45361,0.3651,0.78991,-0.31887,-1.57558,1.5066,-1.86583,0.01306,-0.18486,-0.7582,0.90656,-0.08041,-0.81068,0.79479,-0.67531,1.129,0.43063,0.01841,-2.17873,-1.84452
VAG_0098,0.33269,-0.78638,-0.63664,0.16617,2.15655,0.40775,0.01413,-1.74389,1.9404,0.8622,0.82968,0.61158,0.91075,0.06412,0.91899,-0.26351,-1.30229,0.98654,-1.91644,-0.32798,0.12836,-0.92375,0.59396,0.22983,-0.03199,0.23549,-0.8126,1.45527,0.24686,-0.61502,-2.1794,-0.91867
VAG_0099,0.43484,-0.23115,-0.5303,-0.19678,1.43453,-0.30668,-0.01213,-1.50902,1.94941,0.89505,1.02374,0.32347,0.97741,0.37583,0.36069,0.15757,-1.76795,0.98353,-2.00718,-0.68426,-0.21151,-1.22119,0.74524,-0.26849,-0.28422,0.67439,-0.60178,1.46833,0.13217,-0.38812,-1.81369,-1.0932
VAG_0100,0.44253,-0.02956,-0.69124,-0.41949,1.94399,-0.08382,0.26412,-1.22164,1.7198,0.52462,0.72321,-0.31827,0.95644,0.52442,0.98691,-0.27065,-1.65132,1.24251,-1.7249,-0.56789,-0.15416,-1.02865,0.30084,-0.08253,-0.43045,0.291,-0.46967,1.23191,0.82533,-0.49952,-2.59751,-0.94322
VAG_0101,0.58124,-0.25589,-0.02487,-0.26139,1.5758,-0.03196,0.0389,-1.25171,1.5842,0.71397,1.0975,-0.56839,1.57179,0.37968,0.45263,-0.24779,-1.34752,0.85337,-1.648,-0.18608,0.09787,-1.09123,1.17669,-0.2541,-0.71153,0.5042,-0.6528,1.2763,0.46121,-0.36427,-2.24065,-1.42711
VAG_0102,0.47902,-0.1606,-0.34898,0.07574,2.0208,-0.12356,-0.17147,-1.60579,1.97303,0.79483,1.09155,0.25607,0.9591,0.47723,0.63259,-0.24248,-1.70539,0.73933,-1.96353,-0.41153,-0.64068,-0.78918,0.47574,-0.15112,-0.79966,0.51543,-0.2781,1.04923,0.03783,-0.57882,-1.5968,-1.18273
VAG_0103,0.45613,-0.42625,-0.63506,-0.37775,1.77167,-0.19598,0.12842,-1.53823,1.60366,1.21355,1.08509,0.17334,0.80537,0.10039,0.00492,-0.28126,-1.49658,1.15522,-1.89774,-0.42272,-0.33146,-0.91483,0.75524,-0.64522,-1.08508,0.47808,-0.22964,1.70566,0.29189,-0.4032,-2.42105,-0.61604
VAG_0104,0.62672,0.10549,-0.48955,-0.38513,2.0374,-0.40365,0.53385,-1.78791,2.04714,1.31656,1.27947,-0.05972,0.82702,0.02484,0.59078,-0.024,-1.55161,1.07444,-1.8993,-0.43552,-1.07996,-0.71877,0.55842,-0.42272,-0.43237,0.58414,-0.37536,1.63478,0.71755,-0.45257,-2.10103,-1.54575
VAG_0105,0.50635,-0.50477,-0.30328,0.06326,2.04981,0.11021,0.28006,-1.4763,1.81989,0.78079,1.11229,0.12321,0.67503,0.26438,0.35159,-0.11041,-1.57623,0.89306,-2.06217,0.04346,-0.00738,-1.18465,0.53858,-0.00564,-0.15829,0.25823,-0.73553,1.01505,0.65523,-0.32116,-2.14124,-1.29622
VAG_0106,0.63352,-0.44323,-0.2803,-0.7645,1.84291,0.02154,-0.25207,-1.3324,1.7101,0.64919,1.07289,0.325,0.81283,0.38263,0.31871,-0.34492,-2.01586,0.93546,-1.70902,-0.34912,-0.19367,-0.96427,0.60271,-0.57294,-0.2444,0.37778,-0.48425,1.44488,0.70303,-0.7473,-2.21212,-1.5227
VAG_0107,0.86447,-0.14328,-0.58213,-0.17115,2.07465,0.56104,-0.05517,-1.62747,1.70813,0.8428,0.84611,0.05836,0.68493,0.40695,0.57191,0.03963,-1.35302,1.51703,-1.7082,-0.47049,-0.17218,-0.98928,0.68268,-0.32353,-0.67436,0.76053,-0.84933,1.13458,0.38457,-0.93691,-2.02177,-1.36033
VAG_0108,0.72909,-0.30401,-0.54229,-0.13657,1.58638,-0.05513,-0.34241,-1.2202,1.75808,0.8169,1.37234,-0.01562,1.07063,1.04938,0.69582,-0.24621,-1.01442,1.01056,-1.87957,0.47404,-0.61375,-1.46873,0.78729,-0.05094,-0.91836,0.23534,-0.12388,1.34627,0.60682,-0.31023,-2.15608,-1.2346
VAG_0109,0.78321,-0.28595,-0.60718,0.11484,1.8187,-0.19056,0.13796,-1.37499,1.82785,0.93367,1.08102,-0.43839,1.10796,0.03305,0.68941,-0.44159,-1.53511,0.88795,-1.89438,-0.04692,-0.16776,-1.18027,0.48438,-0.09584,-0.40484,0.69795,-0.48289,1.46025,0.22654,-0.66726,-1.6588,-1.70054
VAG_0110,0.71833,-0.21298,-0.59719,-0.49812,1.83476,-0.35094,0.12671,-1.72862,1.92888,0.74658,1.03453,0.34697,0.78628,0.71566,0.49282,-0.19056,-1.50261,1.1419,-2.03388,-0.6157,-0.42693,-0.60888,0.39989,-0.51285,-0.1641,0.34575,-0.44836,1.34672,0.29991,-0.50367,-2.10215,-1.19672
VAG_0111,0.09044,-0.26482,-0.48736,-0.25077,1.53806,0.06808,0.1773,-1.86428,1.57566,0.88911,0.96327,0.13116,1.08808,0.43508,0.37868,-0.00442,-1.75277,1.46917,-1.83416,-0.20766,-0.26794,-0.90547,0.47026,-0.28177,-0.8999,0.56069,-0.53227,1.83463,0.04834,-0.40482,-1.68583,-1.41777
VAG_0112,0.95282,0.05156,-0.65467,-0.12588,1.54316,0.07753,0.02602,-1.47757,1.74638,1.51279,0.71186,0.09474,0.99252,0.1969,0.74237,0.00919,-1.6318,0.96179,-2.28343,-0.15377,-0.68951,-1.30769,0.6297,-0.25781,-0.90236,0.79123,-0.35168,1.67139,0.27836,-0.07729,-2.20004,-1.61492
VAG_0113,0.36327,0.22819,-0.40053,-0.02501,1.69421,-0.15631,0.2547,-1.35813,1.99075,0.77036,1.35608,-0.02454,0.51922,0.1626,0.41032,-0.16035,-1.61294,1.80357,-1.89752,-0.11787,-0.05738,-1.195,1.20616,-0.19131,-0.25229,0.92393,-0.41161,1.31978,0.47856,-0.35666,-2.13389,-1.54213
VAG_0114,0.47527,-0.21727,-0.23706,-0.20668,2.25018,0.14934,0.37217,-1.12134,0.97702,1.10041,1.13282,-0.2693,1.21603,0.15803,0.74379,-0.39294,-1.63327,0.77586,-2.065,-0.34031,-0.42153,-1.12639,0.50651,-0.30451,-0.48586,0.37921,-0.62095,1.44304,0.32464,-0.52293,-1.72895,-1.1303
VAG_0115,0.50718,-0.23575,-0.9018,-0.31616,1.69117,0.01078,0.22171,-1.91327,1.16356,0.53661,1.2572,-0.21783,1.27357,0.77279,0.9109,0.02441,-1.49631,0.43278,-2.31044,0.73562,-0.23235,-1.17894,0.3314,-0.41162,-0.69313,1.04772,-0.20089,1.35451,0.61244,-0.62008,-2.05506,-1.28144
VAG_0116,0.52891,-0.5068,-0.54622,0.041,1.41483,0.03053,-0.17136,-0.74001,1.8238,1.00035,1.2931,0.19257,0.70698,0.64064,0.66884,0.10678,-1.6586,1.32509,-1.79946,-0.78397,-0.25964,-1.38,0.4128,-0.26051,-0.14087,0.21555,-0.32461,1.47758,0.38395,-0.07372,-2.01481,-1.7713
VAG_0117,0.67595,-0.65967,-0.40139,-0.64895,1.35357,0.18819,-0.01952,-1.41781,1.88405,0.70818,1.16709,-0.00579,1.0291,0.00566,0.31827,-0.49253,-1.24657,1.10983,-2.02903,-0.68331,-0.16227,-1.14958,0.58596,-0.64098,-0.84044,0.65037,-0.52848,1.35928,0.51696,-0.6298,-2.24121,-1.24456
VAG_0118,0.48529,-0.54908,-0.52998,-0.06165,1.84176,-0.17959,-0.45423,-1.38167,1.40817,0.92714,1.28263,0.25727,1.46409,0.6474,0.79615,-0.19941,-1.44481,0.88634,-2.39775,-0.83545,-0.45128,-0.74165,0.7997,-0.13559,-0.15055,0.58682,-0.76446,1.8164,0.37996,-0.40376,-1.79077,-1.28749
VAG_0119,0.23444,-0.63578,-0.37681,-0.24152,2.27135,0.25357,0.37113,-1.40234,1.5797,1.18669,0.9963,0.21236,0.96554,0.10243,0.1329,0.19529,-1.86455,0.6541,-1.54135,-0.40438,-0.04757,-0.60094,0.56389,-0.19635,-0.07863,0.21552,-0.98652,1.15151,0.9662,-0.38029,-2.21253,-0.99977
VAG_0120,0.17055,-0.17361,-0.79513,-0.43266,2.2267,0.08309,0.83515,-1.90226,1.27587,0.77266,1.01894,0.10324,0.55274,0.18395,0.64358,-0.16468,-1.79547,0.91161,-2.05245,-0.04212,0.00834,-0.96357,0.0921,-0.50226,-0.6135,0.62243,-0.58113,1.37465,0.09344,-0.51784,-1.77232,-1.52599
VAG_0121,0.5342,-0.35842,-0.13252,0.28238,1.89184,-0.15092,0.06756,-1.62107,2.06617,0.83317,1.03649,-0.0857,0.87324,0.18981,0.19035,0.05965,-1.57817,0.93886,-2.09454,-0.04322,-0.36016,-1.06029,0.85439,-0.33244,-0.3985,0.31296,-0.32591,1.67679,0.32986,-0.48038,-2.27706,-1.29526
VAG_0122,0.10812,0.08527,-0.30525,-0.03076,2.01071,0.04156,0.52789,-1.33179,1.34741,0.88233,1.38941,-0.16842,0.95902,0.18687,0.623,-0.41974,-1.42185,1.11355,-2.10659,-0.25843,-0.16685,-0.55824,0.3356,-0.42101,0.02829,0.61603,-0.44459,1.59748,0.44847,-0.26305,-1.54026,-1.59647
VAG_0123,0.78059,-0.1847,-0.49666,-0.47085,2.07208,-0.1976,0.16038,-1.37207,1.66854,0.8624,1.34774,-0.29314,0.94066,0.22913,0.71773,-0.36328,-1.15647,1.22759,-1.73516,-0.60956,-0.12393,-1.13135,0.28132,0.22344,-0.38448,-0.0567,-0.38318,1.61804,0.15763,-0.45737,-1.81886,-1.34069
VAG_0124,0.38719,-0.19338,-0.49372,-0.34012,1.90946,-0.08154,0.16532,-1.23353,1.74019,0.75236,0.97085,0.07869,1.00182,0.26427,0.79815,-0.44825,-1.24362,0.89603,-2.32864,-0.41415,-0.57775,-1.25903,0.98564,-0.09278,-0.39947,0.38761,-0.27485,1.16025,0.25612,-0.35606,-2.30983,-1.21849
VAG_0125,0.629,-0.06904,-0.77634,-0.19733,1.59839,-0.06931,0.14622,-1.19852,1.69243,0.77297,1.09509,0.09691,0.53838,0.12553,0.87841,-0.27789,-1.54285,0.81869,-1.26978,-0.46368,-0.5668,-0.94233,0.62003,-0.45709,-0.45205,0.66504,-0.19118,1.59211,0.2225,-0.5995,-1.48063,-1.58387
VAG_0126,0.45055,-0.29349,-0.78363,-0.46718,1.57425,-0.04764,0.23243,-1.29692,1.58516,0.63331,1.03298,0.28508,1.10307,-0.29861,0.48757,-0.21641,-1.04904,0.64436,-1.95071,0.15315,-0.48793,-1.03787,0.54048,-0.35351,-0.3311,0.38733,-0.02918,1.88401,0.5539,-0.33351,-1.97236,-1.64979
VAG_0127,0.76461,-0.27625,-0.58312,-0.08372,1.82921,-0.08242,0.24024,-1.28115,1.66176,1.21695,1.30182,0.10788,1.11953,-0.01797,0.73935,0.40537,-1.64179,0.91547,-1.52905,-0.31041,-0.38762,-1.0338,0.76152,-0.45992,-0.43912,0.44446,-0.33415,1.63259,0.33143,-0.39737,-1.70463,-1.27153
VAG_0128,0.24219,-0.31732,-0.69757,0.05424,1.76867,0.16656,0.43564,-1.72954,1.4294,1.21391,0.89849,0.02694,0.64051,0.59249,0.27648,-0.78653,-1.28473,0.79476,-1.46983,-0.16617,-0.27882,-1.44796,0.67661,-0.47073,-0.4518,0.15417,-0.19608,1.01087,0.17536,-0.50707,-2.34568,-1.3511
VAG_0129,0.73801,-0.50514,-0.81072,-0.3949,1.81577,0.10937,-0.19095,-1.41204,1.67636,0.75548,0.90782,0.16915,0.60459,0.44591,0.93673,-0.13861,-1.58376,1.56859,-1.75315,-0.20283,-0.14643,-1.0173,0.73179,-0.25582,-0.2346,0.44026,0.17801,1.21822,0.16725,-0.47191,-2.37325,-1.57579
VAG_0130,1.01272,-0.42589,-0.8079,-0.24163,1.71683,-0.18504,0.40883,-1.58248,1.72894,0.89276,1.22022,0.55917,0.84963,0.35061,0.54337,-0.07868,-1.93029,0.80003,-2.48992,-0.03705,-0.21842,-1.16807,0.84999,-0.24066,-0.12893,0.27795,-0.80225,1.24499,0.41386,-0.66877,-1.93599,-1.03011
VAG_0131,0.57857,0.11518,-0.47067,-0.90739,1.74898,-0.67404,-0.14818,-1.48824,1.76191,1.11833,1.47136,0.06301,0.57477,0.67691,0.64733,-0.2889,-1.38688,1.27562,-1.88226,-0.62588,-0.23036,-0.64114,0.94171,0.1136,-0.40892,-0.60369,-0.39898,1.30612,0.5495,-0.35287,-1.83685,-1.2879
VAG_0132,0.27486,-0.80605,-0.79092,-0.14455,1.89533,0.01282,0.14577,-1.13221,1.93088,0.34024,0.81759,0.13441,1.17457,0.47795,0.57962,-0.12472,-1.46521,0.87791,-2.16327,-0.20004,0.4774,-1.04369,0.61806,0.38499,-0.13992,0.16595,-0.4587,0.97427,0.30995,-0.57079,-2.20679,-0.87646
VAG_0133,0.27213,-0.32215,-0.81917,-0.32583,1.98322,-0.024,0.08471,-1.29765,1.22059,1.01929,1.02564,0.09088,0.45311,0.06203,0.58402,0.49539,-1.84834,0.90745,-1.11887,-0.18847,0.04753,-1.09897,1.05794,-0.08284,-0.31838,0.81373,-0.60245,1.35889,0.07462,-0.12925,-2.5287,-1.35402
VAG_0134,0.6515,-0.13781,-0.30134,-0.63739,1.47862,0.15758,-0.00902,-1.36656,1.62705,1.37491,0.90175,0.31891,0.72023,0.49124,0.84704,-0.14701,-1.70269,0.84382,-1.99916,-0.54711,-0.20262,-1.03095,0.51651,0.0487,-0.79736,0.47241,-0.37416,0.95892,0.67372,-0.81766,-1.8063,-1.42754
VAG_0135,-0.00078,-0.26957,-0.15092,-1.03259,1.65079,0.28388,-0.04916,-1.51059,1.65824,0.88841,1.42453,0.36039,1.4401,0.25566,0.41771,-0.29304,-1.60361,1.63505,-1.81294,-0.36812,-0.58086,-0.88238,0.26714,0.09977,-0.54214,0.80621,-0.45696,1.52846,0.77374,-0.54319,-2.00736,-1.35991
VAG_0136,0.47596,-0.58878,-0.88618,-0.34472,2.05636,0.32012,0.21757,-1.17499,2.04572,0.50519,1.19374,0.23169,0.73222,0.35982,1.25542,-0.08404,-1.81178,0.99307,-2.39169,-0.08296,0.3904,-0.99263,0.75826,-0.29901,-0.49966,0.72832,-0.53837,1.25521,0.26213,-0.6308,-1.67671,-1.44024
VAG_0137,0.74366,-0.06608,-0.66045,-0.13691,1.54313,-0.33008,-0.18048,-0.97923,1.30242,0.8681,0.99671,0.21124,0.83282,0.30862,0.84126,0.17939,-1.15791,1.30312,-1.78862,-0.434,-0.38066,-1.41429,0.54563,-0.53406,-0.46551,0.66583,-0.42628,1.69364,0.11378,-0.50075,-2.05566,-1.3122
VAG_0138,0.75561,-0.16323,-0.23069,-0.14955,1.71212,-0.31607,0.57244,-1.33705,1.28154,0.56703,1.04102,-0.03597,1.07866,0.23516,0.83248,-0.1764,-2.04552,0.6667,-1.78954,-0.26363,-0.57251,-0.77701,0.93353,0.09191,-0.17228,0.59425,-0.33867,1.41614,0.03423,-0.69474,-2.03557,-1.52365
VAG_0139,0.56967,-0.59374,-0.66198,0.0255,1.48831,-0.10127,0.09002,-1.71007,1.45992,0.70119,1.04557,0.08837,1.09779,-0.01854,0.94002,0.07345,-1.31237,0.91677,-1.98751,0.0621,-0.23065,-1.20061,0.19057,-0.35145,-0.92412,0.28598,-0.40324,1.61894,0.40775,-0.78344,-1.64952,-1.64065
VAG_0140,0.61159,0.16579,-0.67615,-0.28851,1.96169,-0.13139,-0.11067,-1.18892,1.4696,0.87408,1.11819,-0.06847,0.86765,0.50031,0.37404,-0.23199,-1.83947,1.41457,-2.02233,0.10151,0.14523,-1.4494,0.53636,-0.05728,0.13765,0.85998,-0.45956,1.75698,0.03403,-0.38763,-2.2401,-1.57002
VAG_0141,1.1534,-0.23379,-0.40199,1.42209,-1.42241,-0.48423,-0.15345,0.64247,-0.92547,-0.90887,-1.23261,1.04095,1.00737,-0.73781,0.43525,-1.36137,0.09489,1.73255,0.62637,2.36737,-0.89293,0.8268,0.39776,0.38817,0.08042,-0.53462,-1.31273,2.96,-0.03975,-2.08444,-0.50695,0.6676
VAG_0142,0.87095,-0.31872,0.05484,1.81941,-1.13519,-0.89106,-0.29965,0.15465,-0.58175,-0.95249,-1.90503,0.93388,0.98357,-0.40936,0.55491,-1.44687,-0.24397,1.36152,0.01919,2.46225,-0.57811,0.36603,0.42518,0.74926,-0.00757,-0.77003,-0.97082,3.22136,-0.41708,-2.56721,-0.93469,1.45763
VAG_0143,0.99532,0.37233,-0.77839,1.32212,-1.39223,-0.79734,-0.44891,0.52751,-1.1386,-0.5864,-1.32755,0.47225,0.55633,-0.15282,-0.07602,-1.4001,-1.03938,1.50142,0.00092,2.46578,-0.80408,0.26859,-0.17002,0.29634,0.17907,-0.23589,-1.02186,3.02517,-0.2782,-1.91438,-0.56156,0.62321
VAG_0144,1.19062,-0.02109,-0.23441,1.69425,-1.29499,-0.72868,-0.05582,0.33084,-0.95514,-0.78377,-1.5438,0.88701,0.6948,-0.47167,0.07987,-1.19554,-0.90913,1.84859,0.20519,2.24453,-1.07295,0.84739,-0.10668,0.38034,0.14863,-0.32575,-0.41709,3.1981,-0.23114,-1.76758,-0.61395,0.85797
VAG_0145,0.68698,0.26839,-0.53126,1.63153,-1.53545,-0.232,-0.69161,0.86645,-0.30256,-0.27958,-1.76851,0.78782,1.25114,-0.41691,0.31566,-1.45942,-0.54318,1.41955,-0.12361,2.26179,-0.96476,0.61793,-0.66914,0.74715,0.51712,-0.1645,-0.73145,2.90037,0.17585,-2.21103,-0.50282,1.0896
VAG_0146,0.62337,-0.28442,-0.00399,1.74639,-1.16531,-1.05496,-0.70973,0.52315,-0.55569,-0.5494,-1.65981,0.95577,0.7794,-0.24323,0.0954,-1.77009,0.02903,1.23089,0.28185,2.45884,-0.80122,0.4321,-0.52305,0.71712,-0.1212,-0.44543,-0.71343,3.19388,-0.25835,-2.23681,-0.65691,0.84554
VAG_0147,0.96043,-0.2013,-0.2173,1.87239,-1.00028,-1.01853,-0.31428,0.22172,-0.50822,-0.9386,-1.44823,1.14385,0.22819,-0.27155,0.60825,-1.57021,-0.27983,1.44723,0.53149,2.38776,-1.10094,0.49137,-0.06453,0.40731,-0.00713,-0.74879,-0.75731,2.85322,-0.26772,-2.1729,-0.67183,1.14035
VAG_0148,1.12658,-0.43356,-0.14925,2.03253,-1.42063,-0.18428,-0.59481,0.51252,-0.99159,-0.80788,-1.57416,0.8819,0.60232,-0.08828,0.16363,-0.97754,-0.30776,1.62463,0.46796,2.50257,-0.46813,0.69407,0.09335,0.67743,-0.43719,-0.40768,-0.71716,2.82839,-0.26953,-1.97626,-0.36832,0.30374
VAG_0149,1.32691,0.06075,-0.28401,1.26503,-1.5054,-0.46708,-0.58186,0.93596,-0.48229,-0.71301,-1.58623,0.47234,0.89004,-0.58067,0.49963,-1.93842,-0.48446,1.15177,0.77237,2.40869,-1.39974,0.51339,-0.0988,0.53536,0.05188,-0.45931,-1.05417,2.76566,0.10457,-1.53797,-0.63482,0.6401
VAG_0150,0.64794,0.1007,-1.09586,1.92798,-1.50715,-0.3551,-0.50242,0.64172,-0.51976,-0.8175,-1.95433,0.96719,0.69563,0.08847,0.03921,-1.36022,-0.71429,1.55906,0.54215,2.18657,-1.1709,0.34227,-0.76093,1.27649,0.09704,-0.37564,-1.36952,3.27192,-0.0161,-2.16266,-0.3224,0.62808
VAG_0151,0.76953,0.79671,0.06159,1.71922,-1.43009,-0.85794,-0.91566,0.43825,-1.16233,-0.70565,-0.99926,0.57713,0.59008,-0.61259,0.23687,-0.75015,-0.02535,1.27686,0.5252,2.68379,-0.73338,0.531,0.07654,0.49476,0.31526,-0.33673,-0.81971,3.23709,-0.30348,-2.26703,-0.69798,0.8636
VAG_0152,0.61459,-0.49965,-0.32698,1.49916,-1.14454,-0.25798,-0.05584,0.41083,-0.32511,-0.46277,-1.58496,0.8458,0.25102,-0.47764,-0.1578,-1.34263,-0.41964,1.71254,0.44463,2.30561,-0.81711,0.2721,-0.1473,0.44599,0.2449,-0.13757,-0.96958,3.25542,-0.82607,-1.73115,-0.71025,1.08402
VAG_0153,0.8164,-0.05687,-0.61417,1.83082,-1.13953,-0.65472,-0.07951,0.53474,-0.7113,-1.20877,-1.46406,0.74546,0.70266,-0.55862,0.19885,-1.36802,-0.85519,1.20546,0.21383,2.49607,-0.90212,0.61494,-0.41756,0.87092,0.21374,-0.582,-0.75451,2.33569,0.04873,-1.94921,-0.74541,0.17337
VAG_0154,1.34637,0.26632,-0.13833,1.65145,-1.43324,-0.87225,-0.5226,0.1325,-0.76751,-0.6816,-1.48567,0.91111,0.97755,-1.12251,0.00674,-1.6429,-0.46351,0.90485,0.31215,2.91402,-0.80679,1.00233,-0.05627,0.95425,0.00968,-0.30535,-1.16685,3.02719,0.16663,-1.82024,-0.68624,0.47356
VAG_0155,1.14371,-0.03504,-0.32163,1.69065,-1.27471,-0.56181,-0.70182,0.63857,-0.89496,-0.83968,-1.63993,1.04513,0.90852,-0.76479,-0.07498,-1.23291,-0.40924,1.19206,0.66295,2.32171,-0.84677,-0.01697,-0.52996,0.59646,0.14219,-0.40808,-0.96849,2.75981,0.03627,-1.88011,-0.83413,0.89617
VAG_0156,0.86503,-0.17673,-0.54468,1.49342,-1.55798,-0.69119,-0.80321,0.99918,-0.33119,-0.62816,-1.63765,0.44756,0.47881,-0.28047,-0.16108,-1.44567,-0.32684,1.10644,-0.02517,1.99873,-0.67623,0.35995,-0.35899,0.89016,0.43277,-0.7638,-1.15261,3.09397,-0.02991,-2.06604,-0.44654,0.77751
VAG_0157,1.05398,0.03222,0.11537,1.53877,-0.74,-0.51331,-0.49171,0.73854,-0.47573,-0.47058,-1.3179,0.69553,0.90948,-0.67888,0.29398,-1.16766,-0.167,1.38127,0.77601,2.25089,-0.81842,0.29859,0.1133,0.5429,-0.02775,-0.53151,-0.91831,2.91899,-0.06839,-2.28342,-0.54437,0.66195
VAG_0158,1.1897,-0.10149,-0.09171,1.97665,-1.08771,-0.45608,-0.97069,0.51751,-0.28751,-0.59423,-1.7183,0.76325,0.70353,-0.35615,0.11881,-0.95765,-0.64198,1.07613,0.50279,2.0618,-0.65154,0.29028,-0.33582,0.26624,-0.18765,-0.91689,-0.80347,3.12557,0.08031,-1.84116,-0.21343,0.59951
VAG_0159,1.0366,0.20666,-0.40764,1.58147,-1.00145,-0.971,-0.44968,0.95027,-1.04082,-0.39454,-1.81627,0.84592,1.06494,-0.14789,-0.26065,-1.78379,-0.8213,1.43758,-0.10566,2.38012,-0.81152,0.59373,-0.27833,0.43081,0.18797,-0.67919,-1.07783,3.53282,0.01246,-1.95376,-0.56444,0.50923
VAG_0160,1.33922,0.03347,-0.30327,1.5323,-1.31878,-0.52281,-0.33179,0.55384,-0.79851,-0.61053,-1.8446,0.79185,1.20892,-0.32085,0.39652,-1.24707,-0.44933,1.41556,0.27313,2.27859,-0.76292,0.55153,-0.288,0.69757,-0.11328,-0.78074,-0.59247,3.03013,-0.52512,-2.02439,-0.75838,0.88068
VAG_0161,1.63057,0.1208,-0.37656,1.38733,-1.18849,-0.04157,-0.66999,0.64967,-1.06205,-0.47806,-2.00791,0.86849,1.01292,-0.188,0.08649,-1.70173,-0.21504,1.97716,-0.05527,2.44178,-1.0959,0.59595,-0.81082,0.59041,-0.07384,-0.88815,-0.80679,3.31308,-0.33488,-2.00076,-0.97133,0.66761
VAG_0162,0.96711,0.37692,-0.10976,1.35073,-1.04431,-0.79576,-0.31035,0.35163,-0.3206,-0.26861,-1.74174,0.9564,0.65833,-0.76809,0.50515,-1.32018,-0.31653,1.65648,0.29371,2.53267,-0.99319,0.67525,-0.52222,0.85813,-0.16536,-0.55497,-0.92598,2.99512,-0.33093,-1.7742,-0.28492,0.87576
VAG_0163,1.53391,-0.20052,-0.76016,1.73747,-1.62304,-0.62836,-0.51729,0.65562,-0.40317,-0.91783,-1.82463,1.09889,0.98442,-0.34741,0.11457,-1.15753,-0.86237,1.35574,0.09195,2.46109,-0.60774,0.38669,-0.34623,0.62864,-0.31047,-1.06097,-0.8878,3.2999,-0.00311,-2.0043,-0.16053,0.7756
VAG_0164,1.47959,-0.27923,-0.07652,1.22891,-1.38794,-1.05451,-0.73106,0.31624,-0.44804,-0.64332,-1.62222,1.01228,0.53837,-0.65284,0.15653,-1.42866,-0.52698,1.46809,0.31324,2.47863,-1.15007,0.58116,-0.38687,0.30519,0.76908,-0.84974,-0.97506,3.43177,-0.22388,-1.53532,-0.29169,0.96479
VAG_0165,0.6912,-0.14463,-0.23307,2.07547,-1.27925,-0.68089,-0.69809,0.62778,-0.78906,-0.78097,-1.66586,0.76952,0.8449,-0.50163,0.08909,-0.77834,-0.45771,1.45483,0.4451,1.7315,-0.92811,0.50547,-0.10091,0.36592,0.01936,-0.45581,-1.16989,2.93571,0.30029,-2.13311,-0.70598,0.54032
VAG_0166,1.32295,-0.04677,-0.46449,1.43997,-1.40117,-1.00639,-0.61571,0.59283,-0.74038,-0.7746,-1.85036,0.7851,0.97132,-0.59151,0.27378,-1.00433,-0.63899,1.36264,0.31848,1.96535,-0.86382,0.75157,-0.37734,0.8663,-0.10983,-0.51563,-1.12964,3.13823,-0.33008,-2.15146,-0.57914,1.16878
VAG_0167,1.06537,-0.43378,-0.06738,1.79531,-1.82402,-0.47277,-0.92021,0.67395,-0.41709,-0.9197,-1.67862,0.54278,0.26657,-0.89311,0.21787,-1.53316,-0.35247,1.61502,-0.06146,2.29649,-0.37089,0.45785,-0.22906,0.70497,-0.02073,0.07206,-0.90689,3.36302,-0.46268,-2.18555,-0.66021,0.92924
VAG_0168,1.12942,-0.01565,-0.47722,1.85105,-0.76088,-0.74482,-0.44221,0.03418,-0.88307,-0.37101,-1.7229,0.48931,1.09097,-0.53184,0.06329,-1.10024,-0.32334,1.04111,0.29805,1.68876,-0.47878,0.20212,0.02421,0.59211,0.14434,-0.30952,-0.66103,2.87208,-0.34887,-2.0225,-0.13727,0.45179
VAG_0169,1.34103,-0.54305,0.03124,1.35511,-1.20345,-0.97184,-0.82455,0.73215,-1.03599,-0.5025,-1.64236,0.90926,1.11441,-0.53978,0.37156,-1.88129,-0.63779,1.58333,0.33965,2.39572,-0.82895,0.86064,-0.16924,0.62355,0.06896,-0.49885,-0.78382,2.67623,0.10256,-1.98996,-1.12267,0.56894
VAG_0170,1.10569,-0.39973,-0.03607,1.96269,-1.26362,-0.69093,-0.52465,0.69096,-0.53519,-0.76191,-1.86369,0.93306,0.9783,-0.37491,-0.02102,-0.89252,-0.37738,1.40831,-0.03623,2.52646,-0.88966,0.36096,0.25611,-0.06838,-0.0292,-0.48753,-0.65382,3.44493,0.00227,-1.86302,-0.56409,0.77662
VAG_0171,1.03039,-0.10712,-0.21834,1.5433,-1.44599,-0.50088,-0.58267,0.52704,-0.76741,-0.24608,-1.82086,0.60901,0.86723,-0.56008,0.49555,-1.36277,-0.44306,1.03812,0.04998,2.29985,-0.74482,0.50746,0.26394,0.78951,0.30454,-0.59721,-0.57683,2.67363,-0.21863,-1.95264,-0.76682,0.62211
VAG_0172,1.15066,0.13062,-0.1771,1.60934,-1.36898,-0.80138,-0.64403,0.63868,-0.44389,-1.12049,-1.26012,1.00053,1.09404,-0.37307,-0.14633,-1.66679,-0.0035,1.00716,0.04865,2.77666,-0.9066,0.72315,-0.42781,0.69808,0.23122,-0.90877,-1.0135,3.08369,0.33332,-2.0862,-0.58105,0.77826
VAG_0173,0.73579,-0.18915,-0.57224,1.54767,-1.35092,-0.78685,-0.56194,0.67594,-0.50853,-0.61152,-1.3457,0.78491,0.58504,-0.7661,0.51464,-1.9024,-0.57236,1.23554,0.10632,2.37901,-0.84847,0.56832,0.024,0.79784,0.07315,-0.56876,-1.03634,3.01893,-0.06893,-1.86167,-0.60346,0.12403
VAG_0174,1.45949,0.01966,0.09792,0.78824,-0.90491,-0.5174,-0.2764,0.87378,-0.60307,-0.96978,-1.51277,0.43707,0.6322,-0.37369,0.04921,-1.34001,-0.57621,1.46256,0.09458,2.45707,-1.19178,0.93814,-0.0611,0.35104,0.37074,-0.72333,-0.72162,2.88632,-0.06272,-1.5859,-0.60104,0.54435
VAG_0175,0.72769,-0.3064,-0.21446,2.21733,-0.98169,-0.65025,-0.24414,0.43329,-0.84114,-0.35317,-1.47839,0.9439,0.96079,-0.3209,0.19251,-1.31744,-0.58768,1.51358,-0.17087,2.53722,-0.77567,0.68584,-0.28514,0.73875,-0.11851,-0.53444,-0.71808,2.63376,-0.18889,-2.11392,-0.62065,0.89917
VAG_0176,1.62847,0.16775,-0.27161,1.24623,-1.56646,-0.2738,-0.46093,0.53329,-0.71561,-0.71486,-1.63437,0.64219,1.18822,-0.72161,0.03807,-1.3229,-0.5543,1.6476,-0.20933,2.4662,-0.64643,0.89851,-0.38125,0.32339,0.08554,-0.33015,-0.87076,3.00836,0.16497,-2.02009,-0.69372,0.50498
VAG_0177,0.93364,-0.00786,-0.39154,1.33847,-1.29782,-0.8341,-0.15941,0.50227,-0.75771,-0.45048,-1.68444,0.74119,1.14833,0.01393,-0.17649,-1.08999,-0.60499,1.37919,0.12613,2.63701,-1.00119,0.67218,-0.42258,0.90539,0.18057,-0.70373,-0.89692,2.94426,0.03948,-2.17957,-0.36894,0.53573
VAG_0178,1.00728,-0.4277,0.14465,1.41153,-1.19854,-0.73332,-0.90427,0.55603,-0.8938,-0.91402,-1.62884,0.6691,0.75581,-0.20435,0.35334,-1.63472,-0.39769,1.58798,0.16103,2.89652,-0.70763,0.79324,-0.38833,1.00984,0.29307,-0.84367,-1.41392,3.23755,-0.25776,-2.1711,-0.7382,0.85703
VAG_0179,1.04988,0.08899,-0.40123,1.82423,-1.43875,-0.93943,-0.7685,0.8911,-0.75891,-0.54435,-1.49249,0.97427,0.78151,-0.27863,0.12872,-1.12517,-0.40364,1.50266,0.42037,2.07054,-0.9269,0.47488,0.14068,0.42331,-0.33867,-0.34944,-0.91464,2.99255,-0.30116,-2.27139,-0.9606,1.15048
VAG_0180,1.38637,-0.17612,-0.06027,1.6825,-1.30988,-0.58711,-0.86377,0.58019,-0.59965,-0.5321,-1.56281,0.92085,0.63658,-0.59455,0.06503,-1.08833,-0.42321,1.30501,0.36437,2.84754,-0.46488,0.4782,-0.0128,0.37468,-0.03993,-0.68079,-0.8381,3.04663,-0.33544,-1.84565,-0.24654,0.8664
